source_id,source_type,scheme,title,url,last_updated
HDFC001,AMC,HDFC Large Cap Fund,HDFC Large Cap Fund Factsheet - August 2026,https://files.hdfcfund.com/s3fs-public/Others/2026-09/Fund%20Facts%20-%20HDFC%20Large%20Cap%20Fund_August%2026.pdf,August 2026
HDFC002,AMC,HDFC Flexi Cap Fund,HDFC Flexi Cap Fund,https://www.hdfcfund.com/explore/mutual-funds/hdfc-flexi-cap-fund/direct,
HDFC003,AMC,HDFC ELSS Tax Saver Fund,HDFC ELSS Tax Saver Fund Factsheet - August 2026,https://files.hdfcfund.com/s3fs-public/2026-09/HDFC%20MF%20Factsheet%20-%20August%202026.pdf,August 2026
HDFC004,AMC,HDFC Small Cap Fund,HDFC Small Cap Fund Factsheet - August 2026,https://files.hdfcfund.com/s3fs-public/Others/2026-09/Fund%20Facts%20-%20HDFC%20Small%20Cap%20Fund_August%2026.pdf,August 2026
HDFC005,AMC,HDFC Balanced Advantage Fund,HDFC Balanced Advantage Fund Factsheet - August 2026,https://files.hdfcfund.com/s3fs-public/Others/2026-09/Fund%20Facts%20-%20HDFC%20Balanced%20Advantage%20Fund_Aug%2026.pdf,August 2026
HDFC006,AMC,HDFC Large Cap Fund,HDFC Mutual Fund Factsheets,https://www.hdfcfund.com/mutual-funds/factsheets,
HDFC007,AMC,HDFC Large Cap Fund,HDFC Mutual Fund Leaflets,https://www.hdfcfund.com/mutual-funds/fund-literature/leaflets,
HDFC008,AMC,HDFC Large Cap Fund,HDFC Mutual Fund KIM Documents,https://www.hdfcfund.com/mutual-funds/fund-documents/kim,
HDFC009,AMC,HDFC Large Cap Fund,HDFC Mutual Fund NAV and IDCW,https://www.hdfcfund.com/nav-and-idcw,
HDFC010,AMC,HDFC Large Cap Fund,HDFC Mutual Fund Total Expense Ratio,https://www.hdfcfund.com/statutory-disclosure/total-expense-ratio-of-mutual-fund-schemes/reports,
HDFC011,AMC,HDFC Mutual Fund,HDFC Monthly Portfolio,https://www.hdfcfund.com/statutory-disclosure/portfolio/monthly-portfolio,
HDFC012,AMC,HDFC Mutual Fund,HDFC Scheme Financials,https://www.hdfcfund.com/statutory-disclosure/scheme-financials,
HDFC013,AMC,HDFC Mutual Fund,HDFC Portfolio Disclosure Notice,https://www.hdfcfund.com/information/notice-fortnightly-monthly-portfolios,
SEBI001,SEBI,HDFC Mutual Fund,SEBI Mutual Fund Filings,https://www.sebi.gov.in/filings/mutual-funds.html,
AMFI001,AMFI,HDFC Mutual Fund,AMFI Monthly Mutual Fund Factsheets,https://www.amfiindia.com/online-center/download-factsheets,